username,creator_account,creator_name,image_url,saved_to,ok,error,content
j.o.l74,j.o.l74,【J.O.L 】代表 片桐 慶之,https://p16-sign-sg.tiktokcdn.com/tos-alisg-avt-0068/80857080897bd79567dbe6c0a1251c1e~tplv-tiktokx-cropcenter:1080:1080.jpeg?dr=14579&refresh_token=b480e9ea&x-expires=1769065200&x-signature=FCx%2BcdYFlHf1g094VLqKFVSGfOM%3D&t=4d5b0474&ps=13740610&shp=a5d48078&shcp=81f88b70&idc=my2,images/j.o.l74.jpeg,ok,,"新設TikTok事務所【J.O.L】代表 片桐です🎉

一緒にライブ配信を楽しむ仲間を幅広く募集中🔥🔥🔥

未経験も大歓迎、まずは気軽にDMください✉️"
mrm0115,mrm0115,限界突破まみ🎽,https://p16-sign-sg.tiktokcdn.com/tos-alisg-avt-0068/cc65ad99d03bb320d43fe6de43f688ca~tplv-tiktokx-cropcenter:1080:1080.jpeg?dr=14579&refresh_token=a9972f50&x-expires=1769065200&x-signature=rWKDhmpRUz%2F2RQRX7SgwjlH8y%2Fo%3D&t=4d5b0474&ps=13740610&shp=a5d48078&shcp=81f88b70&idc=my2,images/mrm0115.jpeg,ok,,2児のママです❤朝10時30頃から配信しています🫶遊びに来て下さい😊昨年新人王ゴールド部門50位入賞させて頂きました❣️
j.o.l78,j.o.l78,まえきょー【J.O.L所属】,https://p16-sign-sg.tiktokcdn.com/tos-alisg-avt-0068/85046e2ecb6174eb605639e53f29a198~tplv-tiktokx-cropcenter:1080:1080.jpeg?dr=14579&refresh_token=5f468832&x-expires=1769065200&x-signature=P2IUCrCvuTbDa5A26Y8y%2B8zYTTY%3D&t=4d5b0474&ps=13740610&shp=a5d48078&shcp=81f88b70&idc=my2,images/j.o.l78.jpeg,ok,,"配信を定期的に致します。
皆様の参考になればでございますが、転職関連の仕事をしてるのでお仕事の悩みや、
転職相談は比較的頑張れます！"
gachupin_y,gachupin_y,gachupin_y,https://p16-sign-sg.tiktokcdn.com/tos-alisg-avt-0068/7130863026961874946~tplv-tiktokx-cropcenter:1080:1080.jpeg?dr=14579&refresh_token=f529bd82&x-expires=1769065200&x-signature=Pc9hKhHpUzw1CHWBRLijKOae710%3D&t=4d5b0474&ps=13740610&shp=a5d48078&shcp=81f88b70&idc=my2,images/gachupin_y.jpeg,ok,,
flower._.of._.love,,,,,err,no_image_found,
kaguya9083,,,,,err,no_image_found,
naoko2373,,,,,err,no_image_found,
user3568305345600,user3568305345600,黒サギ,https://p16-sign-sg.tiktokcdn.com/tos-alisg-avt-0068/4836aca5ce2fb4aa796301effa71be36~tplv-tiktokx-cropcenter:1080:1080.jpeg?dr=14579&refresh_token=0cf6aa9b&x-expires=1769065200&x-signature=EmmlyoBpDszyTCkMsbOjYsLrAvM%3D&t=4d5b0474&ps=13740610&shp=a5d48078&shcp=81f88b70&idc=my2,images/user3568305345600.jpeg,ok,,仲間になってみない💰️
xx.3kidsmam.xx,xx.3kidsmam.xx,3児の母ゆき❄️💚,https://p16-sign-sg.tiktokcdn.com/tos-alisg-avt-0068/89c46bc271fb0bcf2c9e373800c0d45c~tplv-tiktokx-cropcenter:1080:1080.jpeg?dr=14579&refresh_token=b500ee6e&x-expires=1769065200&x-signature=qVsx%2FPWjVucHXwvnHOFIdTMbxxI%3D&t=4d5b0474&ps=13740610&shp=a5d48078&shcp=81f88b70&idc=my2,images/xx.3kidsmam.xx.jpeg,ok,,"推しマ→❄️💚【暫く気分配信です】
中3🥊小2🦖年長👸3人シングルマザー
💊鬱.ASD.ADHD.パニック障害ご了承下さい
✨発達支援教育士取得
スッピン界隈"
user5080771734673,user5080771734673,鶏右衛門,https://p16-sign-sg.tiktokcdn.com/tos-alisg-avt-0068/61cd5024b8c33902a7ba7de6874cf38c~tplv-tiktokx-cropcenter:1080:1080.jpeg?dr=14579&refresh_token=a7cd937f&x-expires=1769065200&x-signature=gTJHHcOD8PWWm88h%2BMeVLHhEKM8%3D&t=4d5b0474&ps=13740610&shp=a5d48078&shcp=81f88b70&idc=my2,images/user5080771734673.jpeg,ok,,"焼き鳥、鶏料理のお店の大将やってます😛
仕込みしながらとりとめのない話しをしてます
沈黙する時間の方が長いのでご了承を w"
tanemashingan_uoxou_,tanemashingan_uoxou_,たね,https://p16-sign-sg.tiktokcdn.com/tos-alisg-avt-0068/649df44e5f3d60fc6db8a32a78af3a61~tplv-tiktokx-cropcenter:1080:1080.jpeg?dr=14579&refresh_token=c46229ce&x-expires=1769065200&x-signature=%2F1CIly3ERd90xLre2%2BwQzfCYAH4%3D&t=4d5b0474&ps=13740610&shp=a5d48078&shcp=81f88b70&idc=my2,images/tanemashingan_uoxou_.jpeg,ok,,"お昼に配信してます
【インスタ】daaa_om.om
【欲しリス】https://www.amazon.jp/hz/wishlist/ls/2GI4Z9NQXQTCZ?ref_=wl_share"
s____nz062,s____nz062,さな,https://p16-sign-sg.tiktokcdn.com/tos-alisg-avt-0068/4ef5ab75909afe9bc363ed039a17987b~tplv-tiktokx-cropcenter:1080:1080.jpeg?dr=14579&refresh_token=f8b9d32a&x-expires=1769065200&x-signature=GMvwWchShJawCsVYmUoKH8LxItw%3D&t=4d5b0474&ps=13740610&shp=a5d48078&shcp=81f88b70&idc=my2,images/s____nz062.jpeg,ok,,"LIVE配信を気ままにしてます🐈‍⬛🌙
歌と美味しいものと絵を描くのが好きですあと寝ること"
user2115808794174,user2115808794174,🍀ぷに仔🐈‍⬛🩷🐈‍⬛,https://p16-sign-sg.tiktokcdn.com/tos-alisg-avt-0068/1c0308a40b7a8cc95f7627fa5ba480ca~tplv-tiktokx-cropcenter:1080:1080.jpeg?dr=14579&refresh_token=64bb00ed&x-expires=1769065200&x-signature=8LJ3QAjBOLoeGSqjVQzTYR5%2F8dI%3D&t=4d5b0474&ps=13740610&shp=a5d48078&shcp=81f88b70&idc=my2,images/user2115808794174.jpeg,ok,,"8月からの🔰初心者🔰です🖐️
2児のかーちゃんです🐾
トップ画は歯磨き中🦷
広く浅く【アニオタ】【スノ推し】
あたたかく見守ってください🩷🩷"
oinari0422,oinari0422,おいなり🦊🌕,https://p16-sign-sg.tiktokcdn.com/tos-alisg-avt-0068/9b76b9f43ccd816894b0289c3ab79711~tplv-tiktokx-cropcenter:1080:1080.jpeg?dr=14579&refresh_token=9502db9c&x-expires=1769065200&x-signature=cL1e9dJUAYzVmlLk0R3w0jbiMYo%3D&t=4d5b0474&ps=13740610&shp=a5d48078&shcp=81f88b70&idc=my2,images/oinari0422.jpeg,ok,,"#おいなり🦊って呼んでね！
毎日全力で必死に生きてます！笑
誰かの心の支えになれたらいいな😊

#MBTIは#INFJです。"
beru_hhabc,beru_hhabc,ベル,https://p77-sign-sg.tiktokcdn.com/tos-alisg-avt-0068/1a73c9a6599fb1b29a1ac1b61ba05662~tplv-tiktokx-cropcenter:1080:1080.jpeg?dr=14579&refresh_token=47283d36&x-expires=1769065200&x-signature=UwgqksK3SUidZb4Y96Z75UkWE5k%3D&t=4d5b0474&ps=13740610&shp=a5d48078&shcp=81f88b70&idc=my2,images/beru_hhabc.jpeg,ok,,皆様是非相互フォローお願いします🙇🏻‍♂️
gomatomame,gomatomame,ごまとまめ,https://p16-sign-sg.tiktokcdn.com/tos-alisg-avt-0068/ba8336a97530a37ec8b99e0cdf3da70d~tplv-tiktokx-cropcenter:1080:1080.jpeg?dr=14579&refresh_token=246d8a85&x-expires=1769065200&x-signature=0rY4PsXRqFKWYpH%2FDFulzqYMSCA%3D&t=4d5b0474&ps=13740610&shp=a5d48078&shcp=81f88b70&idc=my2,images/gomatomame.jpeg,ok,,"ごま🐱とまめ🐶のまったり生活🐾
天国のココ🐶🌈の思い出も胸に、
糖尿病と闘うリト🐶🛏と毎日わちゃわちゃしてます！"
user9577863834239,user9577863834239,マッサ画伯です👍,https://p16-sign-sg.tiktokcdn.com/tos-alisg-avt-0068/f9c2726ce57749ebb0e934e4548d5224~tplv-tiktokx-cropcenter:1080:1080.jpeg?dr=14579&refresh_token=da9ec7dc&x-expires=1769065200&x-signature=8tGNWUbjC8WBAKFz7VHSQXZ5ALs%3D&t=4d5b0474&ps=13740610&shp=a5d48078&shcp=81f88b70&idc=my2,images/user9577863834239.jpeg,ok,,鬱病とADHDがあります。看護師です。休職していましたが今はパートで働いています。
donbeikun9999,donbeikun9999,☠️やらかしタロー☠️,https://p16-sign-sg.tiktokcdn.com/tos-alisg-avt-0068/d16e3d0667794728568d1749b9b218b8~tplv-tiktokx-cropcenter:1080:1080.jpeg?dr=14579&refresh_token=781639a1&x-expires=1769065200&x-signature=XgyH17Q31JmOGzel9HweArSkq%2FI%3D&t=4d5b0474&ps=13740610&shp=a5d48078&shcp=81f88b70&idc=my2,images/donbeikun9999.jpeg,ok,,仲間が居ることに感謝
pmpmpmsmsmsm,pmpmpmsmsmsm,jamjam,https://p16-sign-sg.tiktokcdn.com/tos-alisg-avt-0068/47092b440b1cb26de28ed547b97315da~tplv-tiktokx-cropcenter:1080:1080.jpeg?dr=14579&refresh_token=c4c2b9ee&x-expires=1769065200&x-signature=Lfpr0rS%2FaL9NayNzNENjT18JGik%3D&t=4d5b0474&ps=13740610&shp=a5d48078&shcp=81f88b70&idc=my2,images/pmpmpmsmsmsm.jpeg,ok,,"2児のパパです👨‍🍼
楽しく笑える配信を目指してます✨️
フォロー、タップお願いします
Mrs.GreenApple好き🍏
サンド、ノンスタ好きです"
mitsuo.y4,mitsuo.y4,PLACE/ゲーム好物者,https://p16-sign-sg.tiktokcdn.com/tos-alisg-avt-0068/6d30734d14336ae4140ba0e63b4a3901~tplv-tiktokx-cropcenter:1080:1080.jpeg?dr=14579&refresh_token=7a170d35&x-expires=1769065200&x-signature=t%2BXHvZG4PSwhwonyXgNb0p2Iokw%3D&t=4d5b0474&ps=13740610&shp=a5d48078&shcp=81f88b70&idc=my2,images/mitsuo.y4.jpeg,ok,,
dydbcp6ot05h,dydbcp6ot05h,🎽紅丸🍺️🩵,https://p16-sign-sg.tiktokcdn.com/tos-alisg-avt-0068/dc53371dd017e531d50cdb2b44ca4f67~tplv-tiktokx-cropcenter:1080:1080.jpeg?dr=14579&refresh_token=cb943375&x-expires=1769065200&x-signature=yPa2i2QzILLq3Ucug86R%2BXeTB%2B0%3D&t=4d5b0474&ps=13740610&shp=a5d48078&shcp=81f88b70&idc=my2,images/dydbcp6ot05h.jpeg,ok,,"アニメ大好きです。
🐻🎬😈🐷🐱🍤
自分→🐕🐾❤"
hatomoon_,hatomoon_,はとむぎ,https://p16-sign-sg.tiktokcdn.com/tos-alisg-avt-0068/94fca5ea534a61c1f8c6540799aa6ff3~tplv-tiktokx-cropcenter:1080:1080.jpeg?dr=14579&refresh_token=d1d709dc&x-expires=1769065200&x-signature=%2FYi60DnUQqMEBzXhVRfEsbULn7Y%3D&t=4d5b0474&ps=13740610&shp=a5d48078&shcp=81f88b70&idc=my2,images/hatomoon_.jpeg,ok,,"様子のおかしいn年目社会人( ᐛ✌︎)
前職で歌う人などなどしてました
2月に👼🏻🍼爆誕するので仮歌のお仕事一旦お休み中…
不定期配信でたらたら喋ってﾏｽ(◍ ´꒳` )"
j.o.l81,j.o.l81,J.O.L,https://p16-sign-sg.tiktokcdn.com/tos-alisg-avt-0068/b9d7f60db435a377d8feb71d619dd4d5~tplv-tiktokx-cropcenter:1080:1080.jpeg?dr=14579&refresh_token=d9bc18ed&x-expires=1769065200&x-signature=IvjvU3xtmzy%2FMXY8FyAcQuVsyq0%3D&t=4d5b0474&ps=13740610&shp=a5d48078&shcp=81f88b70&idc=my2,images/j.o.l81.jpeg,ok,,"【J.O.L】🎙️ライバー事務所🎙️
顔出し・Vtuber・ゲーム配信・画像配信・未経験の方大募集🙋
https://lit.link/jolraiba"
korinko26,korinko26,心❤️,https://p16-sign-va.tiktokcdn.com/musically-maliva-obj/1594805258216454~tplv-tiktokx-cropcenter:1080:1080.jpeg?dr=14579&refresh_token=4da75720&x-expires=1769065200&x-signature=qg7JjPY7B%2BJqavbmVX46zvKLRPs%3D&t=4d5b0474&ps=13740610&shp=a5d48078&shcp=81f88b70&idc=my2,images/korinko26.jpeg,ok,,
rukichi.nty,,,,,err,no_image_found,
l5332541,l5332541,🌸さくら🌸,https://p16-sign-sg.tiktokcdn.com/tos-alisg-avt-0068/7b71c308bb60c061261c86a1c7a7fa7e~tplv-tiktokx-cropcenter:1080:1080.jpeg?dr=14579&refresh_token=98323d9b&x-expires=1769065200&x-signature=l%2F63db0vhzkHvxGPi%2B51L2SWHOI%3D&t=4d5b0474&ps=13740610&shp=a5d48078&shcp=81f88b70&idc=my2,images/l5332541.jpeg,ok,,初めまして🔰さくらです🙇‍♀️配信時間朝と夕方たまにゲリラ夜です🤭マイペースで配信してます🥰雑談andバトルです🥰DMは控えさせていただきます🙇‍♀️ 2025 進撃バトル２０位👏
ooo93o,ooo93o,あむら🧋,https://p16-sign-sg.tiktokcdn.com/tos-alisg-avt-0068/d58bf9a007f79f90d982da8b6ac6b10f~tplv-tiktokx-cropcenter:1080:1080.jpeg?dr=14579&refresh_token=a43737e9&x-expires=1769065200&x-signature=CzatP7ZBFWmNfnSzId1qcEu4IhA%3D&t=4d5b0474&ps=13740610&shp=a5d48078&shcp=81f88b70&idc=my2,images/ooo93o.jpeg,ok,,"𝑳𝒊𝒗𝒆 𝒂𝒄𝒄𝒐𝒖𝒏𝒕 ❤️‍🔥🎟🎧
夜 23時〜🌙 朝 不定期配信☀️
2児のまま👦🏻👧🏻🤎"
seisuke06,seisuke06,Seisuke(セースケ),https://p16-sign-sg.tiktokcdn.com/tos-alisg-avt-0068/413863330f593056716ef03e92a962cd~tplv-tiktokx-cropcenter:1080:1080.jpeg?dr=14579&refresh_token=58a9b1c9&x-expires=1769065200&x-signature=IB%2F2lTlbF9ABpY%2B9EsVzOtVXYzI%3D&t=4d5b0474&ps=13740610&shp=a5d48078&shcp=81f88b70&idc=my2,images/seisuke06.jpeg,ok,,"大阪出身/バンドマン/Vo/アンデコレイト

毎週火曜日21時〜定期配信！

毎週月水木ゲリラ雑談配信‼️"
ama13918,ama13918,👻AMA。,https://p16-sign-sg.tiktokcdn.com/tos-alisg-avt-0068/3688a679ea073b124969e0cbd9a6606b~tplv-tiktokx-cropcenter:1080:1080.jpeg?dr=14579&refresh_token=65fcb95a&x-expires=1769065200&x-signature=erJSCwAxAsVGYTaZ5d4dcCDBdag%3D&t=4d5b0474&ps=13740610&shp=a5d48078&shcp=81f88b70&idc=my2,images/ama13918.jpeg,ok,,みんな笑顔で楽しもう🫶
0.821395,,,,,err,no_image_found,
j.uotami.0309,j.uotami.0309,♛じゅん♛🐳💫,https://p16-sign-sg.tiktokcdn.com/tos-alisg-avt-0068/caa65012a74c814876e4de9a129776eb~tplv-tiktokx-cropcenter:1080:1080.jpeg?dr=14579&refresh_token=2468b35b&x-expires=1769065200&x-signature=6BKpSfOb%2BWZ3%2FPW9tPKcZt3S%2Byo%3D&t=4d5b0474&ps=13740610&shp=a5d48078&shcp=81f88b70&idc=my2,images/j.uotami.0309.jpeg,ok,,"岡山 27 雑談配信とかたまにカラオケ配信
彼氏持ちなので夜露死苦
〖JOL所属〗配信時間は、仕事によって変動あり。基本平日の昼間にやります
インスタ→ra_mu.0309"
ceo1014,ceo1014,🦁CEO🦁🎗️,https://p16-sign-sg.tiktokcdn.com/tos-alisg-avt-0068/ed1a1660c7a0f0da162cf285d5632120~tplv-tiktokx-cropcenter:1080:1080.jpeg?dr=14579&refresh_token=e79e84c8&x-expires=1769065200&x-signature=VHaL5bKT82WYEHMrdnM18b13aBc%3D&t=4d5b0474&ps=13740610&shp=a5d48078&shcp=81f88b70&idc=my2,images/ceo1014.jpeg,ok,,"ＪＯＬ所属。広島県福山市！シンファ！放デイ2事業所運営してます。配信時間①6:30〜②18:15〜③21:00前後〜定期配信中。日月は不定期です。
⭐️似顔絵描きます！⭐️"
irim4_kun,irim4_kun,いりま,https://p16-sign-sg.tiktokcdn.com/tos-alisg-avt-0068/da1ff3701d0289415fab484c54b2968a~tplv-tiktokx-cropcenter:1080:1080.jpeg?dr=14579&refresh_token=a9780e7f&x-expires=1769065200&x-signature=B4IAe%2FFGBAgl4kAgqRyLQaF5GmM%3D&t=4d5b0474&ps=13740610&shp=a5d48078&shcp=81f88b70&idc=my2,images/irim4_kun.jpeg,ok,,"05/大学生/関東
ぜひフォローしてください!"
mimico121,mimico121,みこ🧸🍓,https://p16-sign-sg.tiktokcdn.com/tos-alisg-avt-0068/7222010ea9004615cfaf4687595e912d~tplv-tiktokx-cropcenter:1080:1080.jpeg?dr=14579&refresh_token=bd366f0a&x-expires=1769065200&x-signature=bHT23BFtQmW6zKfvyZCjLtDfTUo%3D&t=4d5b0474&ps=13740610&shp=a5d48078&shcp=81f88b70&idc=my2,images/mimico121.jpeg,ok,,"精神疾患女子の日常🍀💗
J.O.L所属
#精神疾患 #INFJ #AB型 #HSP
ファンマ🧸🍓
他SNSはピン留め動画のリットリンクで！"
miuchan_197,miuchan_197,miumiu🧸💖,https://p16-sign-sg.tiktokcdn.com/tos-alisg-avt-0068/c9c92952f9938c6484e37fcee72a3846~tplv-tiktokx-cropcenter:1080:1080.jpeg?dr=14579&refresh_token=2cbb39df&x-expires=1769065200&x-signature=JLZjIHxcrZX0cKiKbr7CJsv3irY%3D&t=4d5b0474&ps=13740610&shp=a5d48078&shcp=81f88b70&idc=my2,images/miuchan_197.jpeg,ok,,
sotinynkiiiii,sotinynkiiiii,おまる,https://p77-sign-sg.tiktokcdn.com/tos-alisg-avt-0068/996371bf5fa4719a5f434395c3458eff~tplv-tiktokx-cropcenter:1080:1080.jpeg?dr=14579&refresh_token=b7f23dc1&x-expires=1769065200&x-signature=%2FtSjMVjxMn7HRKVSaP7i3FyyxJU%3D&t=4d5b0474&ps=13740610&shp=a5d48078&shcp=81f88b70&idc=my2,images/sotinynkiiiii.jpeg,ok,,
t.o.p_u_jin_,t.o.p_u_jin_,🔆≒ユージン≒🔆,https://p16-sign-sg.tiktokcdn.com/tos-alisg-avt-0068/5cc68d26df51b8de7b7554266401a90a~tplv-tiktokx-cropcenter:1080:1080.jpeg?dr=14579&refresh_token=f6c20119&x-expires=1769065200&x-signature=hkXwgqh3o64A93dU3B7%2FukmzALk%3D&t=4d5b0474&ps=13740610&shp=a5d48078&shcp=81f88b70&idc=my2,images/t.o.p_u_jin_.jpeg,ok,,"【J.O.L】 所属　画像・実写配信　山形の人💁‍♂️
雑談×バトル　福山の声マネします🙆‍♂️
【DM返信、してないです】
⏬お得なwebチャージ⏬"
d_low_voice,d_low_voice,アマおじ🎤,https://p16-sign-sg.tiktokcdn.com/tos-alisg-avt-0068/d915b3304939243636a47051fcc57db3~tplv-tiktokx-cropcenter:1080:1080.jpeg?dr=14579&refresh_token=ba94b455&x-expires=1769065200&x-signature=wBlixv40iGml%2FZ5PIpZHgj6z82w%3D&t=4d5b0474&ps=13740610&shp=a5d48078&shcp=81f88b70&idc=my2,images/d_low_voice.jpeg,ok,,"Singer〜🎤J.O.L所属
何歳になっても優しい歌声でみなさんに癒しを与えられる歌手になれるように頑張っていきます！"
taka19427,taka19427,🍦taka🍦,https://p16-sign-sg.tiktokcdn.com/tos-alisg-avt-0068/ed718a55410fd0f99c0601758fd652b4~tplv-tiktokx-cropcenter:1080:1080.jpeg?dr=14579&refresh_token=f9e76daf&x-expires=1769065200&x-signature=%2FtUGocxsUDwzo2Tk8wW07oltERw%3D&t=4d5b0474&ps=13740610&shp=a5d48078&shcp=81f88b70&idc=my2,images/taka19427.jpeg,ok,,"キム兄・つれぐみ・おぱんちゅ教授・satoshi
のモデしてます🙋

雑談＆プチバトル枠＆ライバー同士のご紹介枠"
s_uuuuta17,s_uuuuta17,だだ,https://p16-sign-sg.tiktokcdn.com/tos-alisg-avt-0068/1fa15f4120b8ccbf280297a2f7f7ef71~tplv-tiktokx-cropcenter:1080:1080.jpeg?dr=14579&refresh_token=08811696&x-expires=1769065200&x-signature=rLi4PIUvQrKyl6j67gQT%2FEGxnXg%3D&t=4d5b0474&ps=13740610&shp=a5d48078&shcp=81f88b70&idc=my2,images/s_uuuuta17.jpeg,ok,,服飾学生してた
mayumi.karada.care,mayumi.karada.care,mayumi.karada.care_colorful,https://p16-sign-sg.tiktokcdn.com/tos-alisg-avt-0068/b98244d4741321a0dda44f3a1463aec2~tplv-tiktokx-cropcenter:1080:1080.jpeg?dr=14579&refresh_token=2e611133&x-expires=1769065200&x-signature=lvLdEeY2dPOGbg57TpmXkHfaZho%3D&t=4d5b0474&ps=13740610&shp=a5d48078&shcp=81f88b70&idc=my2,images/mayumi.karada.care.jpeg,ok,,
sa1maru,sa1maru,sa1maru,https://p16-sign-sg.tiktokcdn.com/tos-alisg-avt-0068/d08b94f6ee3d4060067f152d1323a20c~tplv-tiktokx-cropcenter:1080:1080.jpeg?dr=14579&refresh_token=4aaee404&x-expires=1769065200&x-signature=S%2BaSE3AI5MSwfXMiuSnUC8%2BygYw%3D&t=4d5b0474&ps=13740610&shp=a5d48078&shcp=81f88b70&idc=my2,images/sa1maru.jpeg,ok,,
fuwahdfbg6j,fuwahdfbg6j,Kaori,https://p16-sign-sg.tiktokcdn.com/tos-alisg-avt-0068/aab30dbf9615be7d3fc422c72c732ecb~tplv-tiktokx-cropcenter:1080:1080.jpeg?dr=14579&refresh_token=9b5456f2&x-expires=1769065200&x-signature=DoeZRVTIZCaRtse4KKJdYgh7H8w%3D&t=4d5b0474&ps=13740610&shp=a5d48078&shcp=81f88b70&idc=my2,images/fuwahdfbg6j.jpeg,ok,,"0〜6才で出来る能力育てのヒントを配信☆いわゆる、非認知能力について配信します☆
子育てしてたら思い通りに行かない毎日！
可愛い♡反面、イライラしたり
何でそうなるの？！(笑)みたいな日々！
感情のジェットコースターに振り回されるリアルと交えて、将来への生き抜く力をどう届けるか、お伝えします♪"
nagomi.kitchen,nagomi.kitchen,ひみ,https://p16-sign-sg.tiktokcdn.com/tos-alisg-avt-0068/893ffb99f2c6b8bd2af6a1be3d5efef1~tplv-tiktokx-cropcenter:1080:1080.jpeg?dr=14579&refresh_token=9ea8ac68&x-expires=1769065200&x-signature=v4j8f76hH%2FBJgAiFQQQWzy57iYs%3D&t=4d5b0474&ps=13740610&shp=a5d48078&shcp=81f88b70&idc=my2,images/nagomi.kitchen.jpeg,ok,,
ryoryoryotaiyo,ryoryoryotaiyo,りょりょ,https://p16-sign-sg.tiktokcdn.com/tos-alisg-avt-0068/c35defa14b16f5631d32e12737d63b8c~tplv-tiktokx-cropcenter:1080:1080.jpeg?dr=14579&refresh_token=b61d7f73&x-expires=1769065200&x-signature=uavoOvPW7Zn9gS0lduX%2FUi3rJT8%3D&t=4d5b0474&ps=13740610&shp=a5d48078&shcp=81f88b70&idc=my2,images/ryoryoryotaiyo.jpeg,ok,,
user407922204,user407922204,town,https://p16-sign-sg.tiktokcdn.com/tos-alisg-avt-0068/42c5b657bf06fcbaefe0d892d6740f06~tplv-tiktokx-cropcenter:1080:1080.jpeg?dr=14579&refresh_token=3b9f6cf9&x-expires=1769065200&x-signature=HxxhBmyzaK5ZcLPSZfQv0o3V%2BXY%3D&t=4d5b0474&ps=13740610&shp=a5d48078&shcp=81f88b70&idc=my2,images/user407922204.jpeg,ok,,
genesis07865,,,,,err,no_image_found,
marunori05,marunori05,marunori05,https://p16-sign-sg.tiktokcdn.com/tos-alisg-avt-0068/ef7a8608bc419ef0762a71f39247e987~tplv-tiktokx-cropcenter:1080:1080.jpeg?dr=14579&refresh_token=893c9f1b&x-expires=1769065200&x-signature=MvTUY%2B3GZb2eFKP0vuM86xxVcdg%3D&t=4d5b0474&ps=13740610&shp=a5d48078&shcp=81f88b70&idc=my2,images/marunori05.jpeg,ok,,
ayumu1134952,ayumu1134952,ayumu1134952,https://p16-sign-va.tiktokcdn.com/musically-maliva-obj/1594805258216454~tplv-tiktokx-cropcenter:1080:1080.jpeg?dr=14579&refresh_token=4da75720&x-expires=1769065200&x-signature=qg7JjPY7B%2BJqavbmVX46zvKLRPs%3D&t=4d5b0474&ps=13740610&shp=a5d48078&shcp=81f88b70&idc=my2,images/ayumu1134952.jpeg,ok,,
user5514005492109,user5514005492109,りお,https://p16-sign-sg.tiktokcdn.com/tos-alisg-avt-0068/180abd04a148691f44e187c905961ba0~tplv-tiktokx-cropcenter:1080:1080.jpeg?dr=14579&refresh_token=3c7c6792&x-expires=1769065200&x-signature=E4MNpEd8GnrKybbxliik2Ul7gVo%3D&t=4d5b0474&ps=13740610&shp=a5d48078&shcp=81f88b70&idc=my2,images/user5514005492109.jpeg,ok,,
mimonerunerune,mimonerunerune,mimonerunerune,https://p77-sign-sg.tiktokcdn.com/tos-alisg-avt-0068/7336217702098272258~tplv-tiktokx-cropcenter:1080:1080.jpeg?dr=14579&refresh_token=89d52416&x-expires=1769065200&x-signature=JPdF4IWh6wHh9rFKcGJ22tpJ9Hc%3D&t=4d5b0474&ps=13740610&shp=a5d48078&shcp=81f88b70&idc=my2,images/mimonerunerune.jpeg,ok,,
kuniko.endo,kuniko.endo,☠️くーちゃん☠️,https://p16-sign-sg.tiktokcdn.com/tos-alisg-avt-0068/fdde7567902826d98e38a5debc61fd2f~tplv-tiktokx-cropcenter:1080:1080.jpeg?dr=14579&refresh_token=59176747&x-expires=1769065200&x-signature=q%2BUBlRloM4riR%2F6ecemWXK7NgDM%3D&t=4d5b0474&ps=13740610&shp=a5d48078&shcp=81f88b70&idc=my2,images/kuniko.endo.jpeg,ok,,"∴∵∴ ୨୧ ∴∵∴ ୨୧ ∴∵∴ ୨୧ ∴∵∴
宮城から配信してます。普通の主婦。
雑談枠作り中。初見さん募集中🔰
事務所所属(JOL）宜しくお願いします❣️
∴∵∴ ୨୧ ∴∵∴ ୨୧ ∴∵∴ ୨୧ ∴∵∴"
kattyann56,kattyann56,カッチャン(赤兎馬)🐈🤍,https://p77-sign-sg.tiktokcdn.com/tos-alisg-avt-0068/7c1ee6d16be921bc573b54a3143c6999~tplv-tiktokx-cropcenter:1080:1080.jpeg?dr=14579&refresh_token=1a3eb393&x-expires=1769065200&x-signature=E0VFwC6SaOq79JWTTn7cWYDYyyE%3D&t=4d5b0474&ps=13740610&shp=a5d48078&shcp=81f88b70&idc=my2,images/kattyann56.jpeg,ok,,
haaaachan0927,haaaachan0927,はーちゃんママ🌺,https://p16-sign-sg.tiktokcdn.com/tos-alisg-avt-0068/1084223463bdc567196ec16b53c72371~tplv-tiktokx-cropcenter:1080:1080.jpeg?dr=14579&refresh_token=482a17e3&x-expires=1769065200&x-signature=krLmqg3qoZO0esMqinJ3tFNfSQ0%3D&t=4d5b0474&ps=13740610&shp=a5d48078&shcp=81f88b70&idc=my2,images/haaaachan0927.jpeg,ok,,"配信🔰9/19～。22時以降！日中はゲリラ🤗
サンリオ＆たまごっち好きの2児のママ🩵🩷

https://www.amazon.jp/hz/wishlist/ls/1AXWYD3DBMWUL?ref_=wl_share"
kawamii12,kawamii12,みぃちゅん💋🪽,https://p16-sign-sg.tiktokcdn.com/tos-alisg-avt-0068/dd7d5ac8bbf3951fe11d96a3cce57433~tplv-tiktokx-cropcenter:1080:1080.jpeg?dr=14579&refresh_token=21c5098d&x-expires=1769065200&x-signature=NeAJILSdMaKu1BDGjWZFS%2Fh7oo8%3D&t=4d5b0474&ps=13740610&shp=a5d48078&shcp=81f88b70&idc=my2,images/kawamii12.jpeg,ok,,二年間ありがとうございました
user42828154182587,user42828154182587,もとぺ？,https://p16-sign-sg.tiktokcdn.com/tos-alisg-avt-0068/3491c9550a17e6af3b7fdb000598652a~tplv-tiktokx-cropcenter:1080:1080.jpeg?dr=14579&refresh_token=ef28d812&x-expires=1769065200&x-signature=uqNLmE2ebwEDlbzf3WFNx953zQ0%3D&t=4d5b0474&ps=13740610&shp=a5d48078&shcp=81f88b70&idc=my2,images/user42828154182587.jpeg,ok,,
user9558606925745,,,,,err,no_image_found,
user13320402388348,user13320402388348,パナソニック,https://p16-sign-sg.tiktokcdn.com/tos-alisg-avt-0068/7b59ea22c874b764e75067955bfa4cfb~tplv-tiktokx-cropcenter:1080:1080.jpeg?dr=14579&refresh_token=acdd869e&x-expires=1769065200&x-signature=Y771CRlDAZkA%2BQRPrBvGscfepvM%3D&t=4d5b0474&ps=13740610&shp=a5d48078&shcp=81f88b70&idc=my2,images/user13320402388348.jpeg,ok,,
pokari7899,pokari7899,へりをす,https://p16-sign-sg.tiktokcdn.com/tos-alisg-avt-0068/2a5a32d4211d11acc93d94b3d1dc7cd3~tplv-tiktokx-cropcenter:1080:1080.jpeg?dr=14579&refresh_token=c333101b&x-expires=1769065200&x-signature=XeYX52Ln2c%2FdEUxVY%2F4%2BHBLDAlQ%3D&t=4d5b0474&ps=13740610&shp=a5d48078&shcp=81f88b70&idc=my2,images/pokari7899.jpeg,ok,,
ragi196,ragi196,らぎ,https://p16-sign-sg.tiktokcdn.com/tos-alisg-avt-0068/c2843418f947d4fd880e9270cf77daab~tplv-tiktokx-cropcenter:1080:1080.jpeg?dr=14579&refresh_token=327256dd&x-expires=1769065200&x-signature=RRYuPs66u%2BkzFZfoBqqj9IzB9wc%3D&t=4d5b0474&ps=13740610&shp=a5d48078&shcp=81f88b70&idc=my2,images/ragi196.jpeg,ok,,げーむとうた
ritu_1115,ritu_1115,ジンヤ,https://p16-sign-sg.tiktokcdn.com/tos-alisg-avt-0068/5d0614c5d54df06452bb5823d89e0f5b~tplv-tiktokx-cropcenter:1080:1080.jpeg?dr=14579&refresh_token=342a8f59&x-expires=1769065200&x-signature=BWCckF6IBzlYT630Em293rxlThw%3D&t=4d5b0474&ps=13740610&shp=a5d48078&shcp=81f88b70&idc=my2,images/ritu_1115.jpeg,ok,,kyotoð¯ðµÃð°ð·
user5903964249,user5903964249,ドンドン,https://p16-sign-sg.tiktokcdn.com/tos-alisg-avt-0068/94582bcb89b20c6bedb5c81609355c20~tplv-tiktokx-cropcenter:1080:1080.jpeg?dr=14579&refresh_token=b8a1c46c&x-expires=1769065200&x-signature=0kSBO9c0%2FMrQey00RCnRMcwLZNU%3D&t=4d5b0474&ps=13740610&shp=a5d48078&shcp=81f88b70&idc=my2,images/user5903964249.jpeg,ok,,声は出せないのでコメントお願いします📝
user121591542,user121591542,💃💃🍄🍄けんちゃん王子様🍄🍄💃💃,https://p16-sign-sg.tiktokcdn.com/tos-alisg-avt-0068/630c37c66d7f322c5486a73319fc232d~tplv-tiktokx-cropcenter:1080:1080.jpeg?dr=14579&refresh_token=3e27c7cc&x-expires=1769065200&x-signature=ogSJQlnTglYK6SYLMVEqBomg7HY%3D&t=4d5b0474&ps=13740610&shp=a5d48078&shcp=81f88b70&idc=my2,images/user121591542.jpeg,ok,,私もTiKTok動画出したりしています。自分のやりたいことをしています。初心者ライバーとして配信しています。私は下ネタ発言が嫌いので容赦なくブロックします🥦
nika_kun0401,nika_kun0401,にか,https://p16-sign-sg.tiktokcdn.com/tos-alisg-avt-0068/d465c034733dbad096c96896eb29e0c1~tplv-tiktokx-cropcenter:1080:1080.jpeg?dr=14579&refresh_token=0bf86ca0&x-expires=1769065200&x-signature=caATV7e5vFtUDQcn3YSCK7h3OYY%3D&t=4d5b0474&ps=13740610&shp=a5d48078&shcp=81f88b70&idc=my2,images/nika_kun0401.jpeg,ok,,"Tokyo /IT系/坂道/映画/ディズニー/ちいかわ
仲良しください😸
inst:nika_kun0401"
kokoro_therapy,kokoro_therapy,えーたん🍀🧸🍀こころセラピー,https://p16-sign-sg.tiktokcdn.com/tos-alisg-avt-0068/d1dedbd46df2e7d8344d9e04d56d0a79~tplv-tiktokx-cropcenter:1080:1080.jpeg?dr=14579&refresh_token=1ca21242&x-expires=1769065200&x-signature=Rl3mdS5aY9GtHg%2BF9UqA3wwtIXw%3D&t=4d5b0474&ps=13740610&shp=a5d48078&shcp=81f88b70&idc=my2,images/kokoro_therapy.jpeg,ok,,"心理カウンセラー🍀
双極性障害(躁うつ病)   湘南在住🏠
日常生活、カラオケ、旅行、キャンプ、釣りetc
フォロー・応援お願いします🙇‍♀️💕"
userk3k0i1ncqc,userk3k0i1ncqc,ララ,https://p77-sign-sg.tiktokcdn.com/tos-alisg-avt-0068/02640000530cde0b289e58260f7ca421~tplv-tiktokx-cropcenter:1080:1080.jpeg?dr=14579&refresh_token=9d1e303a&x-expires=1769065200&x-signature=3DS1j1bf46Re%2F8d98%2Bu3ORw6xQ4%3D&t=4d5b0474&ps=13740610&shp=a5d48078&shcp=81f88b70&idc=my2,images/userk3k0i1ncqc.jpeg,ok,,
m.riku.dancing,m.riku.dancing,りくさんチーム,https://p16-sign-sg.tiktokcdn.com/tos-alisg-avt-0068/7332797257760604162~tplv-tiktokx-cropcenter:1080:1080.jpeg?dr=14579&refresh_token=ead2e06c&x-expires=1769065200&x-signature=sdOViAC%2FNC6T%2BOMPsrJt9uVR8eo%3D&t=4d5b0474&ps=13740610&shp=a5d48078&shcp=81f88b70&idc=my2,images/m.riku.dancing.jpeg,ok,,自己満ダンスアルバム🕴
kairagi_yasuko,kairagi_yasuko,靖子,https://p16-sign-sg.tiktokcdn.com/tos-alisg-avt-0068/4dafbbbb193371554b1a4e7276209cc4~tplv-tiktokx-cropcenter:1080:1080.jpeg?dr=14579&refresh_token=2b1731bd&x-expires=1769065200&x-signature=iNMLBili7Cvx6DqZunMYo6GMqIE%3D&t=4d5b0474&ps=13740610&shp=a5d48078&shcp=81f88b70&idc=my2,images/kairagi_yasuko.jpeg,ok,,"特技は数秘術🔮
北新地で小さなスナックやってます🫡
梅華皮〜KAIRAGI〜のオーナーママです✌️

楽しい事大好き❤"
cosmo_star_1,cosmo_star_1,cosmo_star_1,https://p16-sign-sg.tiktokcdn.com/tos-alisg-avt-0068/d084eeb8dd83a6a0e3ae3b1f37cc0f1a~tplv-tiktokx-cropcenter:1080:1080.jpeg?dr=14579&refresh_token=7e8f5cf9&x-expires=1769065200&x-signature=vxOdgndcHRXoygUEkr6buNs99vs%3D&t=4d5b0474&ps=13740610&shp=a5d48078&shcp=81f88b70&idc=my2,images/cosmo_star_1.jpeg,ok,,
user2611614493438,user2611614493438,海の幸,https://p16-sign-sg.tiktokcdn.com/tos-alisg-avt-0068/864c4424913b1b3a3d56608e655b8d9b~tplv-tiktokx-cropcenter:1080:1080.jpeg?dr=14579&refresh_token=a2e5218b&x-expires=1769065200&x-signature=WBOUm%2FBt%2BWG4BLYgHXWSKaP%2Bpy8%3D&t=4d5b0474&ps=13740610&shp=a5d48078&shcp=81f88b70&idc=my2,images/user2611614493438.jpeg,ok,,
chll0928,chll0928,chll0928,https://p16-sign-sg.tiktokcdn.com/tos-alisg-avt-0068/c1db408a8aceaf2da0e12ceea4361177~tplv-tiktokx-cropcenter:1080:1080.jpeg?dr=14579&refresh_token=371cd0f1&x-expires=1769065200&x-signature=IqzRMrJ1rMdL8NszoxOG3rZURNM%3D&t=4d5b0474&ps=13740610&shp=a5d48078&shcp=81f88b70&idc=my2,images/chll0928.jpeg,ok,,
daminko3372,daminko3372,だぁーみ,https://p16-sign-sg.tiktokcdn.com/tos-alisg-avt-0068/02beb88bbe29427a14fd0e9811968983~tplv-tiktokx-cropcenter:1080:1080.jpeg?dr=14579&refresh_token=9bbb794d&x-expires=1769065200&x-signature=4%2BLACZLHz7i018anyZKO0Qt4tdo%3D&t=4d5b0474&ps=13740610&shp=a5d48078&shcp=81f88b70&idc=my2,images/daminko3372.jpeg,ok,,声が出せません🙇
kohatyan22556633,kohatyan22556633,kohatyan22556633,https://p16-sign-sg.tiktokcdn.com/tos-alisg-avt-0068/3226a1db12081ed40e3d75eecaf77bbf~tplv-tiktokx-cropcenter:1080:1080.jpeg?dr=14579&refresh_token=57927a07&x-expires=1769065200&x-signature=l4sg7DzqI2eVUoReoKNdlNJzyb8%3D&t=4d5b0474&ps=13740610&shp=a5d48078&shcp=81f88b70&idc=my2,images/kohatyan22556633.jpeg,ok,,
ootyanz527946,ootyanz527946,ootyanz527946,https://p16-sign-sg.tiktokcdn.com/tos-alisg-avt-0068/6ea7dbaf19072f5e3b4b9a1ab063d359~tplv-tiktokx-cropcenter:1080:1080.jpeg?dr=14579&refresh_token=a4f8adbb&x-expires=1769065200&x-signature=%2FB1mFzAyL0wTGV%2FJvwGXFVuCu0o%3D&t=4d5b0474&ps=13740610&shp=a5d48078&shcp=81f88b70&idc=my2,images/ootyanz527946.jpeg,ok,,
jiwardfinzq,jiwardfinzq,🍎あおのもり🍎,https://p77-sign-sg.tiktokcdn.com/tos-alisg-avt-0068/2817efef6fc06b1d9b8b6eed6fc01b98~tplv-tiktokx-cropcenter:1080:1080.jpeg?dr=14579&refresh_token=9fa83506&x-expires=1769065200&x-signature=HiCZuVjN%2FLHPwldNsweDSjtWLPc%3D&t=4d5b0474&ps=13740610&shp=a5d48078&shcp=81f88b70&idc=my2,images/jiwardfinzq.jpeg,ok,,
fene1214,fene1214,はなり,https://p16-sign-sg.tiktokcdn.com/tos-alisg-avt-0068/16d58a6ef5c03ab0f55747eb39352e93~tplv-tiktokx-cropcenter:1080:1080.jpeg?dr=14579&refresh_token=8dbd6d3b&x-expires=1769065200&x-signature=ovdL9z75GW0UyKpY56bJ%2B7OWBS4%3D&t=4d5b0474&ps=13740610&shp=a5d48078&shcp=81f88b70&idc=my2,images/fene1214.jpeg,ok,,はなりです
ikkurrex7ja,ikkurrex7ja,⛩️奏良『そら』,https://p16-sign-sg.tiktokcdn.com/tos-alisg-avt-0068/4251338d3672d2bd7e22ac6cdc7f709c~tplv-tiktokx-cropcenter:1080:1080.jpeg?dr=14579&refresh_token=d1161e24&x-expires=1769065200&x-signature=vLwdrpZrn61zu7HzzyYj9jJp3hs%3D&t=4d5b0474&ps=13740610&shp=a5d48078&shcp=81f88b70&idc=my2,images/ikkurrex7ja.jpeg,ok,,
user6563271284741,,,,,err,no_image_found,
undecorate1115,undecorate1115,アンデコレイト,https://p16-sign-sg.tiktokcdn.com/tos-alisg-avt-0068/736b56213548eeadb554d024cdc3a3d8~tplv-tiktokx-cropcenter:1080:1080.jpeg?dr=14579&refresh_token=edaddd42&x-expires=1769065200&x-signature=DPgiz3vvw5QnREsYtk%2BbdmzanOc%3D&t=4d5b0474&ps=13740610&shp=a5d48078&shcp=81f88b70&idc=my2,images/undecorate1115.jpeg,ok,,"大阪発、2人組のトラックメイク×ロックユニット。 疾走感あるビートに焦燥感とキャッチーなメロディが魅力‼️ 

Vo:Seisuke Gt:Syoge"
